{
    "loss": [
        8.25291919708252,
        7.581076145172119,
        5.936501502990723,
        5.288305282592773,
        5.064965724945068,
        4.877617359161377,
        4.804869174957275,
        4.733893871307373,
        4.663454055786133,
        4.601834297180176
    ],
    "accuracy": [
        0.02199999988079071,
        0.04800000041723251,
        0.05000000074505806,
        0.04800000041723251,
        0.041999999433755875,
        0.041999999433755875,
        0.04600000008940697,
        0.07000000029802322,
        0.05999999865889549,
        0.07199999690055847
    ],
    "val_loss": [
        8.134730339050293,
        7.163000583648682,
        6.082610607147217,
        5.917661190032959,
        5.861667633056641,
        5.809326171875,
        5.758994102478027,
        5.803088188171387,
        5.771074295043945,
        5.827394008636475
    ],
    "val_accuracy": [
        0.019999999552965164,
        0.029999999329447746,
        0.029999999329447746,
        0.07000000029802322,
        0.029999999329447746,
        0.029999999329447746,
        0.029999999329447746,
        0.029999999329447746,
        0.07999999821186066,
        0.029999999329447746
    ]
}